run,pattern,signal,score,ml_prob,pnl,reason
0,Double Bottom,BUY,0.6799999999999999,0.5,-0.30515223260778157,SL
0,Double Top,SELL,0.6799999999999999,0.5,-0.3025027398740576,SL
0,Double Bottom,BUY,0.6799999999999999,0.5,-0.30484466516971054,SL
0,Double Bottom,BUY,0.6799999999999999,0.5,-0.3041666290850742,SL
0,Evening Star,SELL,0.64,0.5,0.05067246687652016,SL
0,3 White Soldiers,BUY,0.6200000000000001,0.5,-0.3057957272487215,SL
0,3 White Soldiers,BUY,0.6200000000000001,0.5,0.05111999452245186,SL
0,Hammer,BUY,0.56,0.5,0.615383681892709,TP
0,Bearish Engulfing,SELL,0.58,0.5,-0.30889432039143117,SL
0,Bearish Engulfing,SELL,0.58,0.5,-0.31122035040137064,SL
0,3 White Soldiers,BUY,0.47192070752382287,0.2532011792063713,-0.31219823945235703,SL
0,Double Bottom,BUY,0.4713576684892178,0.15226278081536293,-0.31136358848753787,SL
0,Double Bottom,BUY,0.4861660170555115,0.1769433617591858,0.05183901657461831,SL
0,Double Bottom,BUY,0.5461616414785385,0.2769360691308975,0.6230491370788087,TP
0,Double Bottom,BUY,0.5352977964282035,0.25882966071367264,-0.31325184704701314,SL
0,Double Bottom,BUY,0.6046560737490654,0.37442678958177567,0.05221662023451756,SL
0,Double Bottom,BUY,0.5252058643102646,0.24200977385044098,0.052338472519792845,SL
0,Double Bottom,BUY,0.5416074651479721,0.2693457752466202,0.052511463731832464,SL
0,Double Bottom,BUY,0.4596478681266308,0.13274644687771797,0.052534314847818564,SL
0,Double Bottom,BUY,0.44732303053140643,0.11220505088567734,0.6370752436329212,TP
0,Double Bottom,BUY,0.5278708669543266,0.24645144492387772,-0.32105200000968637,SL
0,Double Bottom,BUY,0.5106356757879257,0.21772612631320953,-0.3216078069294781,SL
0,Inverted Hammer,BUY,0.42086500644683844,0.16810834407806396,0.6420218796048829,TP
0,Double Bottom,BUY,0.5553139823675155,0.29218997061252594,-0.3246091654802541,SL
0,Double Bottom,BUY,0.44126522794365886,0.10210871323943138,0.6451579823542062,TP
0,Double Bottom,BUY,0.6448841798305511,0.4414736330509186,-0.3249073697642899,SL
0,Double Bottom,BUY,0.6226193237304687,0.40436553955078125,0.6472967014825173,TP
0,Double Bottom,BUY,0.4791048000752926,0.1651746667921543,0.054343711936510886,SL
0,Double Bottom,BUY,0.613986097574234,0.38997682929039,-0.3285406192689919,SL
0,Double Bottom,BUY,0.5918925139307976,0.35315418988466263,0.6559424768712745,TP
0,Double Bottom,BUY,0.5794974762201309,0.3324957937002182,0.6628486620553247,TP
0,Bearish Engulfing,SELL,0.38804271611571317,0.13340452685952187,-0.33204114931577067,SL
0,3 White Soldiers,BUY,0.4524902801513672,0.1741504669189453,-0.33089611870914837,SL
0,Bullish Engulfing,BUY,0.47757269859313967,0.2626211643218994,-0.3313023837071256,SL
0,Double Top,SELL,0.57893808811903,0.33156348019838333,-0.33042755505297805,SL
0,3 White Soldiers,BUY,0.42337208747863775,0.10562014579772949,-0.3311221283400698,SL
0,Double Top,SELL,0.6436634260416031,0.4394390434026718,0.6604016118535583,TP
1,3 Black Crows,SELL,0.6799999999999999,0.5,-0.29234208790111893,SL
1,3 Black Crows,SELL,0.66,0.5,-0.29017216992573935,SL
1,Inverted Hammer,BUY,0.5680000000000001,0.5,-0.29122443801001907,SL
1,Double Top,SELL,0.6799999999999999,0.5,-0.2905450836074124,SL
1,Double Bottom,BUY,0.6799999999999999,0.5,-0.2905634403236945,SL
1,Double Bottom,BUY,0.6799999999999999,0.5,-0.2894799781513058,SL
1,Double Bottom,BUY,0.6799999999999999,0.5,-0.28842180921095917,SL
1,Double Bottom,BUY,0.6799999999999999,0.5,-0.2867668975134592,SL
1,3 Black Crows,SELL,0.6200000000000001,0.5,0.04748452587450913,SL
1,Inverted Hammer,BUY,0.54,0.5,-0.2854051615911999,SL
1,3 Black Crows,SELL,0.6200000000000001,0.5,-0.28377288786094823,SL
1,Hammer,BUY,0.56,0.5,-0.2840573961367596,SL
1,Double Top,SELL,0.6799999999999999,0.5,0.04715266938674745,SL
1,3 Black Crows,SELL,0.6200000000000001,0.5,0.5616480515907369,TP
1,Hammer,BUY,0.6000000000000001,0.5,-0.27924699389987495,SL
1,Double Top,SELL,0.6799999999999999,0.5,-0.276891328978607,SL
1,Double Top,SELL,0.6799999999999999,0.5,-0.276095665197019,SL
1,Double Top,SELL,0.5088886994123458,0.21481449902057648,-0.27115495084042607,SL
1,Double Top,SELL,0.4406134310364723,0.1010223850607872,-0.2736113874084509,SL
1,Double Top,SELL,0.5838339108228683,0.3397231847047806,-0.27425561675333654,SL
1,Double Top,SELL,0.45390696182847023,0.12317826971411705,-0.27494325745489334,SL
1,Double Top,SELL,0.4466965425014496,0.11116090416908264,-0.2776154548755727,SL
1,Double Top,SELL,0.706073145866394,0.5434552431106567,-0.27847310119607016,SL
1,Bearish Engulfing,SELL,0.39024263277649873,0.18373772129416466,-0.28262646534481917,SL
1,Bearish Engulfing,SELL,0.47202197194099427,0.3200366199016571,-0.2815122056548347,SL
1,3 White Soldiers,BUY,0.5483888125419617,0.3139813542366028,0.5642558797325279,TP
1,3 Black Crows,SELL,0.45554375383257867,0.17923958972096443,-0.28174138321016073,SL
1,Double Bottom,BUY,0.4823484915494919,0.17058081924915314,-0.2832374741311412,SL
1,Bullish Engulfing,BUY,0.6069782865047455,0.4782971441745758,-0.2826717861003232,SL
1,Double Top,SELL,0.5756224754452706,0.3260374590754509,-0.28203624157276863,SL
1,Double Top,SELL,0.6181394445896149,0.3968990743160248,-0.282479999353086,SL
1,Double Top,SELL,0.4977200436592102,0.19620007276535034,-0.2836592895308172,SL
1,Double Top,SELL,0.5236686456203461,0.23944774270057678,-0.28336365332343405,SL
1,Double Bottom,BUY,0.5635532590746879,0.30592209845781326,0.5666161574776538,TP
1,Double Bottom,BUY,0.7024978685379029,0.5374964475631714,0.047482067532698125,SL
1,Double Bottom,BUY,0.5999276074767113,0.36654601246118546,-0.2858653774491131,SL
1,Double Bottom,BUY,0.5135247904062271,0.22254131734371185,0.04742286517426919,SL
1,Double Bottom,BUY,0.482217335999012,0.17036222666502,-0.2878097895487173,SL
1,Double Bottom,BUY,0.4790126930177212,0.1650211550295353,-0.2891620019765355,SL
1,Double Bottom,BUY,0.5030874300003052,0.2051457166671753,0.5796218525496499,TP
1,Double Bottom,BUY,0.5048269364237785,0.2080448940396309,0.5852858347063972,TP
1,3 White Soldiers,BUY,0.6921375143527985,0.5202291905879974,0.5883980640433322,TP
1,Bearish Engulfing,SELL,0.34107470393180844,0.10179117321968079,0.04932674004157889,SL
1,Double Top,SELL,0.445932908654213,0.10988818109035492,-0.2896412679653082,SL
2,Double Bottom,BUY,0.6799999999999999,0.5,-0.30394095223763884,SL
2,Double Bottom,BUY,0.6799999999999999,0.5,-0.30279133766244115,SL
2,Shooting Star,SELL,0.56,0.5,0.05020484127484792,SL
2,3 White Soldiers,BUY,0.66,0.5,-0.30205432332812165,SL
2,Inverted Hammer,BUY,0.5680000000000001,0.5,0.604593389454152,TP
2,Bullish Engulfing,BUY,0.6200000000000001,0.5,-0.305447606494738,SL
2,Hammer,BUY,0.6000000000000001,0.5,0.6111804895360962,TP
2,3 White Soldiers,BUY,0.6200000000000001,0.5,-0.30988953204614234,SL
2,3 White Soldiers,BUY,0.6200000000000001,0.5,0.623014484908623,TP
2,3 White Soldiers,BUY,0.6200000000000001,0.5,0.05242250890525213,SL
2,Bearish Engulfing,SELL,0.58,0.5,-0.3156643739732772,SL
2,3 White Soldiers,BUY,0.66,0.5,0.052788268570026275,SL
2,3 White Soldiers,BUY,0.66,0.5,0.05318231930651507,SL
2,3 White Soldiers,BUY,0.66,0.5,0.05340093885109809,SL
2,3 White Soldiers,BUY,0.66,0.5,-0.32362256497471265,SL
2,3 White Soldiers,BUY,0.66,0.5,-0.3270623294846331,SL
2,3 White Soldiers,BUY,0.66,0.5,-0.3297902944036082,SL
2,Bullish Engulfing,BUY,0.6200000000000001,0.5,-0.3304698820408447,SL
2,3 White Soldiers,BUY,0.4483304536342621,0.14721742272377014,-0.3346180421304581,SL
2,Bullish Engulfing,BUY,0.4080644254386426,0.1467740423977375,-0.33794896626334037,SL
2,3 Black Crows,SELL,0.6555397611856462,0.5592329353094101,-0.3347293886528462,SL
2,Double Top,SELL,0.48068900883197785,0.16781501471996307,-0.3343398340361716,SL
2,Bullish Engulfing,BUY,0.38235778555274014,0.10392964258790016,0.05590401542633572,SL
2,Double Bottom,BUY,0.4964781987667084,0.1941303312778473,-0.33504407150662985,SL
2,Double Bottom,BUY,0.4521451506018639,0.1202419176697731,-0.3344345473232977,SL
2,Double Bottom,BUY,0.4911339911818504,0.1852233186364174,-0.33445122571808383,SL
2,Morning Star,BUY,0.4618997991085053,0.2698329985141754,0.055416463357232715,SL
2,3 White Soldiers,BUY,0.5786647832393647,0.36444130539894104,0.6687759440920757,TP
2,Double Top,SELL,0.5351341950893402,0.258556991815567,0.05631652279730304,SL
2,Bearish Engulfing,SELL,0.4248304264545441,0.1947173774242401,0.05612580789713206,SL
2,Double Top,SELL,0.44051374673843385,0.1008562445640564,-0.33568460976128733,SL
2,3 White Soldiers,BUY,0.4250732204318047,0.1084553673863411,0.6745979153105424,TP
2,Double Top,SELL,0.45734311521053317,0.12890519201755524,0.6843122476777097,TP
2,Bullish Engulfing,BUY,0.34262303590774534,0.10437172651290894,-0.33996187509134757,SL
2,Double Top,SELL,0.4489055472612381,0.11484257876873016,0.6721367886852789,TP
3,Evening Star,SELL,0.64,0.5,-0.31257059267176146,SL
3,Bullish Engulfing,BUY,0.648,0.5,-0.31369752898218906,SL
3,Morning Star,BUY,0.64,0.5,-0.31517727290278685,SL
3,3 White Soldiers,BUY,0.66,0.5,-0.3177633533317419,SL
3,3 White Soldiers,BUY,0.66,0.5,0.05322624795731201,SL
3,Bullish Engulfing,BUY,0.6200000000000001,0.5,-0.3204303266839048,SL
3,3 Black Crows,SELL,0.6200000000000001,0.5,-0.3199150622628366,SL
3,3 White Soldiers,BUY,0.66,0.5,-0.320916124489699,SL
3,Hammer,BUY,0.64,0.5,-0.3197571806960866,SL
3,Hammer,BUY,0.6000000000000001,0.5,0.6413283387337572,TP
3,3 White Soldiers,BUY,0.6200000000000001,0.5,0.05380799292764493,SL
3,Evening Star,SELL,0.6000000000000001,0.5,-0.32267726501102345,SL
3,Bearish Engulfing,SELL,0.6200000000000001,0.5,-0.3228457128657283,SL
3,Bearish Engulfing,SELL,0.6080000000000001,0.5,-0.32397017618296786,SL
3,3 White Soldiers,BUY,0.66,0.5,-0.32748801147477025,SL
3,Morning Star,BUY,0.64,0.5,-0.3296945540150773,SL
3,Bearish Engulfing,SELL,0.58,0.5,0.6580157039802828,TP
3,Morning Star,BUY,0.4746986323595047,0.2244977205991745,-0.32751489925490773,SL
3,Double Top,SELL,0.4697160157561302,0.1495266929268837,-0.32328993246647997,SL
3,Double Bottom,BUY,0.4784890587627888,0.16414843127131462,0.053888445367661575,SL
3,Double Bottom,BUY,0.4650868783891201,0.14181146398186684,-0.32281166521953253,SL
3,Double Bottom,BUY,0.5419287133216858,0.2698811888694763,-0.32176508564567996,SL
3,Double Top,SELL,0.5004261019825935,0.20071016997098923,-0.30576556645780784,SL
3,Double Top,SELL,0.44621653884649276,0.11036089807748795,-0.30210636455076667,SL
3,Double Bottom,BUY,0.5190366092324257,0.23172768205404282,-0.30509111186715643,SL
3,Double Bottom,BUY,0.4472506645321846,0.11208444088697433,-0.304466655489108,SL
3,Double Top,SELL,0.5208017575740814,0.23466959595680237,0.050740535307014056,SL
3,Double Top,SELL,0.44377063915133474,0.10628439858555794,-0.30345328293645935,SL
3,Double Top,SELL,0.6454722005128861,0.44245366752147675,0.050748626198114266,SL
3,Double Top,SELL,0.4435490819811821,0.1059151366353035,-0.303390981232198,SL
3,Bullish Engulfing,BUY,0.5965342473983766,0.46089041233062744,0.6089519966452173,TP
3,3 White Soldiers,BUY,0.5015045365691185,0.23584089428186417,0.05147863897497018,SL
3,Bearish Engulfing,SELL,0.4001907649636268,0.20031794160604477,-0.31043031570514756,SL
3,Bullish Engulfing,BUY,0.42915842118859293,0.13526403531432152,-0.3119282006439761,SL
4,Bearish Engulfing,SELL,0.6200000000000001,0.5,0.050976593234068446,SL
4,Double Bottom,BUY,0.6799999999999999,0.5,0.050980778050330855,SL
4,Double Bottom,BUY,0.6799999999999999,0.5,-0.3068821166018836,SL
4,Double Bottom,BUY,0.6799999999999999,0.5,-0.3081364783506615,SL
4,Double Bottom,BUY,0.6799999999999999,0.5,-0.306822284754773,SL
4,Double Bottom,BUY,0.6799999999999999,0.5,-0.30531165066804533,SL
4,Double Bottom,BUY,0.6799999999999999,0.5,-0.304792603273242,SL
4,Double Bottom,BUY,0.6799999999999999,0.5,-0.30467474270625416,SL
4,3 White Soldiers,BUY,0.66,0.5,-0.30605064659935977,SL
4,3 White Soldiers,BUY,0.6200000000000001,0.5,0.051347152782028616,SL
4,3 White Soldiers,BUY,0.6200000000000001,0.5,-0.309726732713429,SL
4,Bullish Engulfing,BUY,0.58,0.5,0.6187833269131175,TP
4,Evening Star,SELL,0.6000000000000001,0.5,-0.3113152799301133,SL
4,Double Bottom,BUY,0.6799999999999999,0.5,0.051952935725438465,SL
4,Double Bottom,BUY,0.6799999999999999,0.5,-0.31136947523970093,SL
4,Double Bottom,BUY,0.6799999999999999,0.5,-0.30906625961345924,SL
4,Double Top,SELL,0.6799999999999999,0.5,-0.3070940924800709,SL
4,3 White Soldiers,BUY,0.66,0.5,-0.308176883184089,SL
4,Double Top,SELL,0.6799999999999999,0.5,0.6154616985532044,TP
4,Bullish Engulfing,BUY,0.3685569705367089,0.10092828422784805,-0.2997704153727909,SL
4,Double Bottom,BUY,0.48875579714775086,0.1812596619129181,-0.29804627419905216,SL
4,Double Top,SELL,0.6883137840032578,0.5138563066720963,-0.29528491435134185,SL
4,3 White Soldiers,BUY,0.5540905866026878,0.2901509776711464,-0.30260789278349876,SL
4,3 White Soldiers,BUY,0.45233980745077135,0.12056634575128555,0.050445636913877934,SL
4,3 Black Crows,SELL,0.4463776780664921,0.1439627967774868,0.050334517055986794,SL
4,Bearish Engulfing,SELL,0.40476716774702076,0.1612786129117012,0.6015228786527302,TP
4,Bearish Engulfing,SELL,0.38485622301697736,0.10809370502829552,-0.2985693591498233,SL
4,Double Top,SELL,0.5225798386335373,0.23763306438922882,0.5986564218297303,TP
4,3 White Soldiers,BUY,0.48990313529968266,0.2831718921661377,-0.290841308084282,SL
5,Double Bottom,BUY,0.6799999999999999,0.5,0.04992913791922149,SL
5,Double Bottom,BUY,0.6799999999999999,0.5,0.6023072605936903,TP
5,Bearish Engulfing,SELL,0.58,0.5,-0.3036635188248056,SL
5,Double Bottom,BUY,0.6799999999999999,0.5,0.05077237889211972,SL
5,Double Bottom,BUY,0.6799999999999999,0.5,-0.3087706023266179,SL
5,Double Bottom,BUY,0.6799999999999999,0.5,0.051548776735614865,SL
5,Double Bottom,BUY,0.6799999999999999,0.5,0.6226863194218879,TP
5,Double Bottom,BUY,0.6799999999999999,0.5,0.052082772507006325,SL
5,Double Bottom,BUY,0.6799999999999999,0.5,0.0520663190548305,SL
5,Double Bottom,BUY,0.6799999999999999,0.5,0.052108102668711354,SL
5,Bullish Engulfing,BUY,0.6200000000000001,0.5,0.05248441352019029,SL
5,3 White Soldiers,BUY,0.66,0.5,-0.3174705123510222,SL
5,3 White Soldiers,BUY,0.66,0.5,-0.3202909212308782,SL
5,Bullish Engulfing,BUY,0.6200000000000001,0.5,-0.3206918495097426,SL
5,3 White Soldiers,BUY,0.66,0.5,0.05372326225301549,SL
5,Bullish Engulfing,BUY,0.6200000000000001,0.5,0.6465522963087977,TP
5,3 White Soldiers,BUY,0.66,0.5,0.6507365606119748,TP
5,Bearish Engulfing,SELL,0.58,0.5,-0.32668393767383463,SL
5,Bearish Engulfing,SELL,0.58,0.5,-0.32730928986860874,SL
5,Bullish Engulfing,BUY,0.46224905073642736,0.23708175122737885,0.05484693276966368,SL
5,3 Black Crows,SELL,0.5298842659592629,0.2831404432654381,-0.3293444004650894,SL
5,Double Bottom,BUY,0.44047225967049597,0.10078709945082664,-0.3301337544837679,SL
5,Bullish Engulfing,BUY,0.40460074114799505,0.16100123524665833,-0.3233776335958254,SL
5,Double Top,SELL,0.6110555160045623,0.38509252667427063,0.6423412350159339,TP
5,Bearish Engulfing,SELL,0.42209677740931517,0.17016129568219185,-0.2998053385249051,SL
5,Bearish Engulfing,SELL,0.4356984671950341,0.19283077865839005,-0.29751159703899077,SL
5,Double Bottom,BUY,0.47143559336662294,0.1523926556110382,0.5952119990182609,TP
5,Double Top,SELL,0.5686326923966407,0.31438782066106796,0.04977246340367003,SL
6,3 Black Crows,SELL,0.66,0.5,0.04639119404018288,SL
6,3 Black Crows,SELL,0.6200000000000001,0.5,0.5515930771422717,TP
6,Bullish Engulfing,BUY,0.58,0.5,0.045739297130168666,SL
6,3 White Soldiers,BUY,0.6200000000000001,0.5,-0.2763168499016331,SL
6,Bullish Engulfing,BUY,0.6200000000000001,0.5,-0.27765843300079496,SL
6,Bullish Engulfing,BUY,0.6200000000000001,0.5,0.046386254852663455,SL
6,3 White Soldiers,BUY,0.6200000000000001,0.5,-0.282135322209939,SL
6,Bullish Engulfing,BUY,0.58,0.5,0.047073998937094075,SL
6,3 White Soldiers,BUY,0.5318356400728226,0.2863927334547043,-0.2829835797442257,SL
6,Double Top,SELL,0.45598492279648783,0.12664153799414635,0.5615587389756911,TP
6,Double Bottom,BUY,0.6577069360017777,0.4628448933362961,-0.26998499242658625,SL
6,3 Black Crows,SELL,0.427975325614214,0.13329220935702324,0.536493218452776,TP
6,Double Top,SELL,0.6140099960565567,0.39001666009426117,-0.2681380665815851,SL
6,3 White Soldiers,BUY,0.5088824889063835,0.2481374815106392,0.5406107956290072,TP
6,Bearish Engulfing,SELL,0.38590521484613427,0.10984202474355698,-0.2716543173999497,SL
6,Double Bottom,BUY,0.47775498509407044,0.16292497515678406,-0.27376072477620994,SL
6,Double Bottom,BUY,0.5280333283543587,0.24672221392393112,-0.2730841956076375,SL
6,Double Top,SELL,0.6724661129713059,0.4874435216188431,0.5444102165862432,TP
6,Double Top,SELL,0.49765421330928805,0.19609035551548004,-0.26968775125023114,SL
6,Double Top,SELL,0.5763755592703819,0.3272925987839699,-0.26993314302308136,SL
7,3 White Soldiers,BUY,0.6799999999999999,0.5,0.051913101725560296,SL
7,3 White Soldiers,BUY,0.66,0.5,0.05220602460629209,SL
7,3 White Soldiers,BUY,0.66,0.5,0.05256504875056578,SL
7,Bullish Engulfing,BUY,0.6200000000000001,0.5,0.05284837885838556,SL
7,3 White Soldiers,BUY,0.66,0.5,-0.31998008322807436,SL
7,3 Black Crows,SELL,0.66,0.5,-0.3176144341811664,SL
7,Bullish Engulfing,BUY,0.648,0.5,0.05299464347626781,SL
7,Double Bottom,BUY,0.6799999999999999,0.5,-0.31837291459636674,SL
7,Double Bottom,BUY,0.6799999999999999,0.5,-0.31922419096373744,SL
7,Double Bottom,BUY,0.6799999999999999,0.5,0.053005280795773047,SL
7,Double Top,SELL,0.6799999999999999,0.5,-0.3172737067003766,SL
7,Double Top,SELL,0.6799999999999999,0.5,-0.31479304870754277,SL
7,Double Top,SELL,0.6799999999999999,0.5,0.0521782307610863,SL
7,Double Top,SELL,0.6799999999999999,0.5,-0.312017710074997,SL
7,Inverted Hammer,BUY,0.54,0.5,-0.31422750652136244,SL
7,Double Bottom,BUY,0.6799999999999999,0.5,-0.3124934927020604,SL
7,Double Bottom,BUY,0.6799999999999999,0.5,0.6206274589047638,TP
7,Double Bottom,BUY,0.45952193170785904,0.13253655284643173,0.05188901884595509,SL
7,Double Bottom,BUY,0.47455871731042865,0.1575978621840477,0.051986337924248005,SL
7,Double Bottom,BUY,0.6394675123691559,0.43244585394859314,-0.3118036740838619,SL
7,Double Top,SELL,0.5327765735983848,0.25462762266397476,0.050737803124320635,SL
7,Double Top,SELL,0.4437818709015846,0.10630311816930771,-0.30346339366457187,SL
7,Double Top,SELL,0.4993946719169617,0.19899111986160278,-0.3053532873907727,SL
7,Double Bottom,BUY,0.46122245222330094,0.13537075370550156,0.6291359383172477,TP
7,Hammer,BUY,0.5521932542324066,0.42032209038734436,-0.3234035516357494,SL
7,Double Top,SELL,0.7285156983137131,0.5808594971895218,-0.3220241499968495,SL
7,3 White Soldiers,BUY,0.40619751632213597,0.14366252720355988,-0.3219187828633068,SL
7,Double Top,SELL,0.46027894496917726,0.1337982416152954,0.6393751421646812,TP
7,3 White Soldiers,BUY,0.5816783767938614,0.436130627989769,-0.31747224717734923,SL
8,3 White Soldiers,BUY,0.66,0.5,-0.29979399479559277,SL
8,Double Top,SELL,0.6799999999999999,0.5,-0.2982566752399691,SL
8,Bullish Engulfing,BUY,0.6200000000000001,0.5,0.5978078549021859,TP
8,3 White Soldiers,BUY,0.6200000000000001,0.5,0.050342124251130826,SL
8,Double Top,SELL,0.6799999999999999,0.5,-0.30323349707367697,SL
8,Bullish Engulfing,BUY,0.58,0.5,-0.30519266173816106,SL
8,Bullish Engulfing,BUY,0.58,0.5,-0.30488084284489503,SL
8,Bullish Engulfing,BUY,0.58,0.5,0.05074887525719873,SL
8,Inverted Hammer,BUY,0.58,0.5,0.05105606053118095,SL
8,Inverted Hammer,BUY,0.58,0.5,0.6154601156527235,TP
8,3 White Soldiers,BUY,0.66,0.5,-0.3112631711846774,SL
8,Bullish Engulfing,BUY,0.6200000000000001,0.5,0.05211066373134088,SL
8,3 White Soldiers,BUY,0.66,0.5,0.6286650643613854,TP
8,Bullish Engulfing,BUY,0.6200000000000001,0.5,-0.3161439292419743,SL
8,3 Black Crows,SELL,0.6200000000000001,0.5,0.05241024176525855,SL
8,Bearish Engulfing,SELL,0.6200000000000001,0.5,-0.314379116435461,SL
8,Bullish Engulfing,BUY,0.58,0.5,-0.3122322740311745,SL
8,Bullish Engulfing,BUY,0.6200000000000001,0.5,0.05209822776791384,SL
8,Double Top,SELL,0.6799999999999999,0.5,0.05238551043025552,SL
8,3 White Soldiers,BUY,0.66,0.5,-0.31526637147705117,SL
8,Double Bottom,BUY,0.6799999999999999,0.5,-0.31406150173344827,SL
8,Double Bottom,BUY,0.44227742657065394,0.10379571095108986,-0.31247012088640247,SL
8,Double Bottom,BUY,0.7290396410226823,0.5817327350378036,0.05209748505888001,SL
8,Double Bottom,BUY,0.4499409067630768,0.1165681779384613,-0.3139234112595801,SL
8,Double Top,SELL,0.44553202122449875,0.10922003537416458,0.05227966080224178,SL
8,Double Top,SELL,0.534321002960205,0.2572016716003418,0.0522124165852631,SL
8,Double Bottom,BUY,0.5657506453990936,0.3095844089984894,-0.3161733026464333,SL
8,Double Bottom,BUY,0.5243009540438652,0.24050159007310867,-0.3182290540906081,SL
8,Double Bottom,BUY,0.6389498192071914,0.4315830320119858,-0.31692670385767485,SL
8,Double Bottom,BUY,0.46721995204687117,0.1453665867447853,-0.31472304724660205,SL
8,Bearish Engulfing,SELL,0.34835183203220366,0.11391972005367279,-0.30902514466102105,SL
8,3 White Soldiers,BUY,0.7050647950172424,0.575107991695404,-0.3106656352440922,SL
8,Morning Star,BUY,0.6380974644422531,0.4968291074037552,0.6215407422729697,TP
8,Double Bottom,BUY,0.4652548651397228,0.14209144189953804,0.625613500284885,TP
8,Double Bottom,BUY,0.4530847977101803,0.1218079961836338,0.6288283755003476,TP
9,Bullish Engulfing,BUY,0.58,0.5,0.049622007120532885,SL
9,3 White Soldiers,BUY,0.66,0.5,0.05006187425037467,SL
9,Bearish Engulfing,SELL,0.58,0.5,-0.30140170591619153,SL
9,Evening Star,SELL,0.6000000000000001,0.5,-0.3024023278209569,SL
9,Evening Star,SELL,0.628,0.5,-0.30278081650479294,SL
9,Double Bottom,BUY,0.6799999999999999,0.5,0.05045245062015624,SL
9,Double Bottom,BUY,0.6799999999999999,0.5,-0.30288130095458143,SL
9,Double Bottom,BUY,0.668,0.5,-0.3011587491999421,SL
9,Double Bottom,BUY,0.6935466665029526,0.522577777504921,-0.3015849028159039,SL
9,Double Top,SELL,0.6244828689098358,0.4074714481830597,0.6003356157796844,TP
9,Double Top,SELL,0.4680114115774632,0.14668568596243858,0.5957561875955832,TP
9,Bullish Engulfing,BUY,0.3865565624833108,0.11092760413885117,-0.29523757227603653,SL
9,Double Top,SELL,0.4615262347459793,0.13587705790996552,0.5913485610665816,TP
9,Bearish Engulfing,SELL,0.41687060475349424,0.2281176745891571,0.5703568877685257,TP
9,3 White Soldiers,BUY,0.5508333395719529,0.3380555659532547,-0.28618041827954244,SL
9,3 Black Crows,SELL,0.6917364436388016,0.5195607393980026,-0.28454509608290834,SL
9,Double Bottom,BUY,0.6565904933214188,0.46098415553569794,-0.2853150037729648,SL
9,Double Bottom,BUY,0.6981415587663651,0.5302359312772751,-0.28978219526158,SL
10,Hammer,BUY,0.6000000000000001,0.5,0.057097128084635074,SL
10,Bearish Engulfing,SELL,0.58,0.5,0.05726606169972115,SL
10,Bearish Engulfing,SELL,0.58,0.5,-0.34307373527212803,SL
10,Bullish Engulfing,BUY,0.648,0.5,0.6882775064694044,TP
10,3 White Soldiers,BUY,0.66,0.5,-0.34663249142720076,SL
10,3 Black Crows,SELL,0.6200000000000001,0.5,-0.34558474890566515,SL
10,Double Bottom,BUY,0.7304912257194519,0.5841520428657532,0.05777210960908974,SL
10,Double Bottom,BUY,0.49323409378528593,0.18872348964214325,0.6929749468141324,TP
10,Double Bottom,BUY,0.5284010189771652,0.2473350316286087,0.6974737006075316,TP
10,Double Bottom,BUY,0.5128190073370933,0.22136501222848892,0.05846595234802976,SL
10,Double Bottom,BUY,0.4961113664507866,0.19351894408464432,-0.3532255845409651,SL
10,Double Bottom,BUY,0.4730930845439434,0.15515514090657234,0.058878618472164135,SL
10,Double Bottom,BUY,0.4745560820400715,0.1575934700667858,-0.3551447586788328,SL
10,Double Bottom,BUY,0.45741727605462074,0.1290287934243679,-0.35347796420238353,SL
10,Double Top,SELL,0.4590582001209259,0.13176366686820984,0.7036591945259261,TP
10,3 White Soldiers,BUY,0.43501941233873376,0.19169902056455612,0.052729322135519396,SL
10,Double Top,SELL,0.4601789700984955,0.1336316168308258,0.638638435593748,TP
11,3 White Soldiers,BUY,0.66,0.5,-0.298260377900732,SL
11,3 Black Crows,SELL,0.66,0.5,0.04953932792470539,SL
11,Double Top,SELL,0.6799999999999999,0.5,-0.2974001586716781,SL
11,3 White Soldiers,BUY,0.66,0.5,-0.2983010223384497,SL
11,Bearish Engulfing,SELL,0.6200000000000001,0.5,-0.29702148491234937,SL
11,Double Bottom,BUY,0.6799999999999999,0.5,0.5966682408018187,TP
11,Double Bottom,BUY,0.6799999999999999,0.5,-0.2995771271149579,SL
11,Double Bottom,BUY,0.6799999999999999,0.5,-0.29798423198376156,SL
11,Double Bottom,BUY,0.6799999999999999,0.5,0.04948132116872728,SL
11,3 White Soldiers,BUY,0.66,0.5,-0.29949261439962527,SL
11,Double Top,SELL,0.6799999999999999,0.5,0.5957989506628678,TP
11,Double Top,SELL,0.6799999999999999,0.5,0.049290360894787,SL
11,Double Top,SELL,0.6799999999999999,0.5,-0.2953835268604479,SL
11,Double Top,SELL,0.6799999999999999,0.5,0.04935089564678208,SL
11,Inverted Hammer,BUY,0.58,0.5,0.04923005016306092,SL
11,Double Top,SELL,0.6799999999999999,0.5,-0.2957488364872489,SL
11,Bearish Engulfing,SELL,0.42591996461153037,0.1765332743525505,-0.2923036997466113,SL
11,3 White Soldiers,BUY,0.5121645203232765,0.25360753387212753,0.0466484100459752,SL
11,Double Top,SELL,0.4699249531328678,0.14987492188811302,-0.27978504033632134,SL
11,Double Top,SELL,0.5532246756553649,0.28870779275894165,0.5590786023039982,TP
11,Double Top,SELL,0.7081402170658111,0.5469003617763519,-0.2727855523172451,SL
12,Double Top,SELL,0.6799999999999999,0.5,-0.2965183668641771,SL
12,Double Top,SELL,0.6799999999999999,0.5,0.049498883201209765,SL
12,3 Black Crows,SELL,0.6200000000000001,0.5,-0.2945329474686247,SL
12,3 White Soldiers,BUY,0.66,0.5,-0.2961356590401323,SL
12,Double Top,SELL,0.6799999999999999,0.5,-0.29454607341254757,SL
12,Double Top,SELL,0.6799999999999999,0.5,-0.29553259464540815,SL
12,Double Bottom,BUY,0.6799999999999999,0.5,-0.2961638973925034,SL
12,Double Top,SELL,0.6799999999999999,0.5,0.04871908103434919,SL
12,Hammer,BUY,0.6000000000000001,0.5,-0.29260253640612177,SL
12,3 Black Crows,SELL,0.6200000000000001,0.5,-0.2910133664525034,SL
12,3 White Soldiers,BUY,0.66,0.5,-0.2930880398152169,SL
12,Double Bottom,BUY,0.6799999999999999,0.5,-0.292548620578458,SL
12,Double Top,SELL,0.6799999999999999,0.5,-0.29038663358645067,SL
12,3 White Soldiers,BUY,0.66,0.5,0.04868933209306192,SL
12,Double Top,SELL,0.6799999999999999,0.5,-0.29035989920606653,SL
12,Double Top,SELL,0.44905920431017876,0.11509867385029793,0.5795892879235964,TP
12,Double Top,SELL,0.4529237645864487,0.12153960764408112,-0.2877491390953253,SL
12,3 White Soldiers,BUY,0.5580985586643219,0.3501642644405365,-0.29004170532337525,SL
12,Double Bottom,BUY,0.45340060770511625,0.12233434617519379,0.5779685767515446,TP
12,Double Bottom,BUY,0.6252247411012649,0.4087079018354416,0.5834832969387378,TP
12,Double Bottom,BUY,0.6361856687068939,0.42697611451148987,0.048918561904073954,SL
12,Double Bottom,BUY,0.519092430472374,0.2318207174539566,-0.29444680399636525,SL
12,Double Bottom,BUY,0.47502727910876275,0.15837879851460457,0.5855729120015241,TP
12,Double Bottom,BUY,0.575320874452591,0.32553479075431824,-0.2956840414368429,SL
12,Double Bottom,BUY,0.5713496494293213,0.31891608238220215,-0.29469625302320424,SL
12,Double Bottom,BUY,0.45698486372828484,0.12830810621380806,0.048871061014111206,SL
12,Double Top,SELL,0.5080129179358482,0.21335486322641373,0.5836721349691913,TP
12,Double Top,SELL,0.44932031735777855,0.11553386226296425,-0.2868922950609232,SL
12,3 White Soldiers,BUY,0.6130208920240403,0.4417014867067337,0.578655882542364,TP
12,Double Top,SELL,0.47060235843062403,0.15100393071770668,-0.2898443831726354,SL
12,Double Bottom,BUY,0.4676779526472092,0.14612992107868195,-0.2932932818477241,SL
12,Double Bottom,BUY,0.44164968237280844,0.10274947062134743,-0.29158591205366235,SL
12,Double Top,SELL,0.4743856678903103,0.15730944648385048,-0.28221436563985947,SL
13,Double Bottom,BUY,0.6799999999999999,0.5,0.050785539684838454,SL
13,Double Bottom,BUY,0.6799999999999999,0.5,-0.3050158122518667,SL
13,Double Bottom,BUY,0.6799999999999999,0.5,-0.3037840664941456,SL
13,Double Bottom,BUY,0.6799999999999999,0.5,0.6064869736905649,TP
13,Bearish Engulfing,SELL,0.6200000000000001,0.5,-0.3041170897101324,SL
13,3 White Soldiers,BUY,0.648,0.5,-0.3054963011693417,SL
13,Double Bottom,BUY,0.6799999999999999,0.5,-0.3047543402245765,SL
13,Double Bottom,BUY,0.6799999999999999,0.5,-0.3048090548932265,SL
13,Double Top,SELL,0.6799999999999999,0.5,0.050543865647895814,SL
13,Double Top,SELL,0.6799999999999999,0.5,0.05033496744168531,SL
13,Double Top,SELL,0.6799999999999999,0.5,0.050144820844906235,SL
13,Bearish Engulfing,SELL,0.6200000000000001,0.5,-0.2996714571076211,SL
13,Double Top,SELL,0.6799999999999999,0.5,-0.29924888815422435,SL
13,Double Top,SELL,0.6799999999999999,0.5,-0.299299676589456,SL
13,Double Top,SELL,0.6799999999999999,0.5,-0.2983401649479447,SL
13,Bullish Engulfing,BUY,0.6200000000000001,0.5,-0.29907072668595447,SL
13,Double Top,SELL,0.6799999999999999,0.5,0.04959180161164056,SL
13,Morning Star,BUY,0.6000000000000001,0.5,-0.297263743808017,SL
13,Bullish Engulfing,BUY,0.6200000000000001,0.5,-0.29763914623242727,SL
13,Double Bottom,BUY,0.6799999999999999,0.5,0.5961087157324698,TP
13,3 White Soldiers,BUY,0.46551587641239167,0.17585979402065277,0.612104253721597,TP
13,Double Bottom,BUY,0.4645073603093624,0.14084560051560402,0.6163589807840566,TP
13,Double Bottom,BUY,0.45711332142353056,0.12852220237255096,0.6322906018019836,TP
13,Double Bottom,BUY,0.4691068525612354,0.14851142093539238,-0.31908507290036425,SL
13,Double Bottom,BUY,0.5567077922821044,0.2945129871368408,0.63815907353424,TP
13,Double Bottom,BUY,0.4625938701629639,0.13765645027160645,-0.32059731265366054,SL
13,Double Bottom,BUY,0.5248427736759186,0.24140462279319763,-0.3194647457337112,SL
13,Double Bottom,BUY,0.48007736906409265,0.16679561510682106,-0.3185771459209832,SL
13,Double Top,SELL,0.5788429367542267,0.3314048945903778,-0.3178442249326707,SL
13,Double Bottom,BUY,0.4808779972791672,0.16812999546527863,-0.3194606892683396,SL
13,Double Bottom,BUY,0.6406550335884094,0.4344250559806824,-0.31885769547102427,SL
13,Double Bottom,BUY,0.49070979312062263,0.1845163218677044,0.6368706408405274,TP
13,Double Bottom,BUY,0.628941022157669,0.4149017035961151,-0.320325232038428,SL
13,Double Bottom,BUY,0.5228376078605652,0.23806267976760864,0.05314546627175787,SL
13,Evening Star,SELL,0.43747639745473865,0.16246066242456436,-0.3233931690838432,SL
14,Evening Star,SELL,0.64,0.5,-0.2889981634442478,SL
14,Bullish Engulfing,BUY,0.58,0.5,-0.2902667158934804,SL
14,3 White Soldiers,BUY,0.648,0.5,0.0484594034626582,SL
14,Double Top,SELL,0.6799999999999999,0.5,-0.29025995147802064,SL
14,Double Top,SELL,0.6799999999999999,0.5,-0.2906362630945978,SL
14,Double Bottom,BUY,0.6799999999999999,0.5,0.608515324553963,TP
14,3 White Soldiers,BUY,0.66,0.5,-0.3061411805702363,SL
14,3 Black Crows,SELL,0.66,0.5,0.05072194287585319,SL
14,3 White Soldiers,BUY,0.66,0.5,0.05054044043956196,SL
14,Double Top,SELL,0.45898426055908204,0.13164043426513672,-0.3028679401920158,SL
14,Double Top,SELL,0.5784978437423706,0.3308297395706177,-0.3024610301972501,SL
14,Double Top,SELL,0.6119039523601532,0.386506587266922,0.6047763237170045,TP
14,Evening Star,SELL,0.46719867974519735,0.21199779957532883,-0.2850087931420404,SL
14,Double Bottom,BUY,0.5173966842889786,0.2289944738149643,0.047160236737255445,SL
14,Double Bottom,BUY,0.4443636353313923,0.10727272555232048,0.04722189870233251,SL
14,Double Bottom,BUY,0.4646210300922394,0.1410350501537323,0.04741799715492334,SL
14,Double Bottom,BUY,0.708052482008934,0.5467541366815567,-0.28415308962306085,SL
14,Double Top,SELL,0.6748171228170394,0.4913618713617325,-0.2833568676797711,SL
14,Double Bottom,BUY,0.6790181863307954,0.4983636438846588,-0.28613114648950955,SL
14,Double Bottom,BUY,0.6259732115268707,0.40995535254478455,-0.286252693289029,SL
14,Double Bottom,BUY,0.5553963395953179,0.29232723265886307,0.04798241831221617,SL
14,Double Bottom,BUY,0.5911133053898812,0.3518555089831352,-0.28918362297051203,SL
14,Double Bottom,BUY,0.6625160562992096,0.470860093832016,-0.2906313518175523,SL
14,Double Bottom,BUY,0.6495984303951263,0.44933071732521057,-0.28952337837868924,SL
14,Double Bottom,BUY,0.44924070939421656,0.11540118232369423,-0.2875551968458723,SL
15,Double Bottom,BUY,0.6799999999999999,0.5,0.05079117118553711,SL
15,Double Bottom,BUY,0.6799999999999999,0.5,0.6127354825244709,TP
15,Double Bottom,BUY,0.6799999999999999,0.5,0.05129246869206838,SL
15,Double Bottom,BUY,0.64,0.5,-0.31061300028049743,SL
15,Double Bottom,BUY,0.64,0.5,-0.31063360852206756,SL
15,Double Bottom,BUY,0.64,0.5,-0.3086270724478908,SL
15,Bearish Engulfing,SELL,0.58,0.5,-0.30765506310403623,SL
15,Bearish Engulfing,SELL,0.6080000000000001,0.5,0.051160972315926756,SL
15,Bullish Engulfing,BUY,0.58,0.5,-0.3049555077853654,SL
15,Morning Star,BUY,0.64,0.5,-0.3042355193415318,SL
15,3 Black Crows,SELL,0.66,0.5,-0.3015374915328408,SL
15,Evening Star,SELL,0.64,0.5,-0.3018830144967666,SL
15,Bearish Engulfing,SELL,0.6200000000000001,0.5,0.6020358266238048,TP
15,3 Black Crows,SELL,0.66,0.5,0.04975582191806893,SL
15,Bullish Engulfing,BUY,0.58,0.5,-0.29700959877629884,SL
15,3 Black Crows,SELL,0.66,0.5,0.049255561648934076,SL
15,3 Black Crows,SELL,0.66,0.5,0.049045672732745516,SL
15,Bullish Engulfing,BUY,0.58,0.5,-0.29474694360357034,SL
15,3 White Soldiers,BUY,0.3941944611072541,0.12365743517875671,0.049484693179465467,SL
15,3 White Soldiers,BUY,0.48933051049709325,0.28221751749515533,0.5946421889223501,TP
15,3 White Soldiers,BUY,0.46021631181240086,0.23369385302066803,-0.3000876119069744,SL
15,Bearish Engulfing,SELL,0.3555994625389576,0.125999104231596,-0.3053199637371762,SL
15,3 Black Crows,SELL,0.601045805811882,0.40174300968647003,0.6091479120479164,TP
15,Double Top,SELL,0.5131141576170921,0.22185692936182022,-0.3024818277227723,SL
15,Double Top,SELL,0.4450289416313171,0.10838156938552856,-0.30215828577470916,SL
15,Double Top,SELL,0.4763734194636345,0.16062236577272415,-0.2925816426932073,SL
15,Double Top,SELL,0.4504339236021042,0.11738987267017365,0.5879247199892177,TP
15,Double Top,SELL,0.49783228516578676,0.1963871419429779,0.5823881247678457,TP
15,Double Top,SELL,0.4753190363943577,0.1588650606572628,0.5782953412516605,TP
15,Bearish Engulfing,SELL,0.38565466970205314,0.10942444950342178,-0.2788389082031273,SL
16,Double Bottom,BUY,0.6799999999999999,0.5,0.6104336328661049,TP
16,Double Bottom,BUY,0.6799999999999999,0.5,0.05128042230769836,SL
16,Double Bottom,BUY,0.6799999999999999,0.5,-0.30820101766759933,SL
16,3 White Soldiers,BUY,0.66,0.5,0.6199434282669927,TP
16,Bullish Engulfing,BUY,0.6200000000000001,0.5,0.6235577241988608,TP
16,3 White Soldiers,BUY,0.66,0.5,0.05259791592317242,SL
16,3 White Soldiers,BUY,0.66,0.5,-0.31806014531768767,SL
16,Hammer,BUY,0.6000000000000001,0.5,-0.3178740064649048,SL
16,Bullish Engulfing,BUY,0.648,0.5,-0.3174909743246985,SL
16,Bearish Engulfing,SELL,0.6080000000000001,0.5,-0.31585971260010126,SL
16,Double Bottom,BUY,0.6799999999999999,0.5,0.6337074526950204,TP
16,Double Bottom,BUY,0.6799999999999999,0.5,-0.3181904826488875,SL
16,Double Bottom,BUY,0.6799999999999999,0.5,-0.31635124330034614,SL
16,Double Bottom,BUY,0.6799999999999999,0.5,-0.31497331831603503,SL
16,Double Bottom,BUY,0.6962463366985321,0.5270772278308868,-0.30592950824538434,SL
16,3 White Soldiers,BUY,0.48044632583856584,0.2007438763976097,-0.3054268104367708,SL
16,3 White Soldiers,BUY,0.42700764730572704,0.17834607884287834,-0.2867010366910421,SL
16,Double Bottom,BUY,0.459986047744751,0.13331007957458496,0.5731782480960419,TP
16,Double Bottom,BUY,0.6502311635017395,0.45038527250289917,0.047796444267547145,SL
16,3 White Soldiers,BUY,0.4281802530884743,0.13363375514745712,0.04693524443581509,SL
16,Morning Star,BUY,0.5202081128954887,0.36701352149248123,-0.2821559824956381,SL
17,Bearish Engulfing,SELL,0.66,0.5,0.5891285940845847,TP
17,Bearish Engulfing,SELL,0.6200000000000001,0.5,-0.2920240258207514,SL
17,Hammer,BUY,0.56,0.5,-0.2908765581055661,SL
17,3 Black Crows,SELL,0.66,0.5,-0.2887224784302873,SL
17,3 Black Crows,SELL,0.66,0.5,-0.2875459892093204,SL
17,3 Black Crows,SELL,0.66,0.5,-0.28685862580231003,SL
17,Hammer,BUY,0.6000000000000001,0.5,-0.28832523458183346,SL
17,Morning Star,BUY,0.64,0.5,0.5761254828962734,TP
17,Double Top,SELL,0.6799999999999999,0.5,0.04842936222350147,SL
17,3 Black Crows,SELL,0.66,0.5,0.048060742699618686,SL
17,Double Bottom,BUY,0.6799999999999999,0.5,-0.28624878648133745,SL
17,3 White Soldiers,BUY,0.6200000000000001,0.5,-0.27855146744720116,SL
17,3 Black Crows,SELL,0.66,0.5,0.0461383700613851,SL
17,3 Black Crows,SELL,0.66,0.5,0.5513248301589897,TP
17,Double Top,SELL,0.5986481401324272,0.3644135668873787,-0.2668152721762027,SL
17,3 Black Crows,SELL,0.41331638514995583,0.15552730858325958,-0.2701949554305685,SL
17,Bearish Engulfing,SELL,0.4122954133152962,0.22049235552549362,0.5403591597506221,TP
17,3 White Soldiers,BUY,0.4024552692472935,0.13742544874548912,-0.26642289821063514,SL
17,Double Top,SELL,0.444194642752409,0.10699107125401497,-0.2560414991543354,SL
18,3 White Soldiers,BUY,0.648,0.5,-0.2913154361563528,SL
18,3 White Soldiers,BUY,0.648,0.5,-0.2921745297617946,SL
18,3 Black Crows,SELL,0.66,0.5,-0.2908839832552559,SL
18,Double Bottom,BUY,0.6799999999999999,0.5,-0.29115346760086425,SL
18,3 White Soldiers,BUY,0.6200000000000001,0.5,0.04718002839881308,SL
18,Double Top,SELL,0.6799999999999999,0.5,-0.28289851141508393,SL
18,3 Black Crows,SELL,0.6200000000000001,0.5,-0.28186255186723486,SL
18,Bullish Engulfing,BUY,0.58,0.5,0.047012727070338656,SL
18,3 White Soldiers,BUY,0.66,0.5,-0.28380363112439966,SL
18,Double Top,SELL,0.6799999999999999,0.5,0.5685073674909802,TP
18,Morning Star,BUY,0.64,0.5,0.5656169471585173,TP
18,Double Bottom,BUY,0.664732660651207,0.4745544344186783,0.047403371708526265,SL
18,Double Bottom,BUY,0.48494988337159156,0.17491647228598595,-0.2859551134020677,SL
18,Double Bottom,BUY,0.5010388526320457,0.20173142105340958,0.04759028634194351,SL
18,Double Bottom,BUY,0.47830074310302734,0.1638345718383789,0.04769796771969936,SL
18,Double Bottom,BUY,0.5963320258259773,0.3605533763766289,-0.28763514097450127,SL
18,Bullish Engulfing,BUY,0.5679047507047654,0.4131745845079422,0.0478470148652832,SL
18,Bearish Engulfing,SELL,0.43120912656188015,0.1853485442698002,-0.2815077516391966,SL
18,Double Top,SELL,0.4832452791929245,0.17207546532154083,-0.27980742195788366,SL
18,Double Top,SELL,0.4931037920713425,0.1885063201189041,-0.2791154065892414,SL
18,Double Top,SELL,0.4426752585172653,0.1044587641954422,0.5566076417775037,TP
18,3 White Soldiers,BUY,0.47726885795593266,0.2621147632598877,0.5507065744991877,TP
18,Double Bottom,BUY,0.47197408705949784,0.15329014509916306,0.046262482404003435,SL
18,Double Bottom,BUY,0.5669385287165641,0.31156421452760696,-0.27968338204138377,SL
18,Double Bottom,BUY,0.7198395568132401,0.5663992613554001,0.5605153409587018,TP
18,Double Bottom,BUY,0.4666744309663773,0.1444573849439621,-0.2839881763154182,SL
18,3 Black Crows,SELL,0.6082918447256089,0.4804864078760147,-0.28123895824649026,SL
18,Bearish Engulfing,SELL,0.47611699432134624,0.3268616572022438,0.5595014943665291,TP
18,Bearish Engulfing,SELL,0.6323440980911255,0.5205734968185425,-0.26912128021379544,SL
18,Double Top,SELL,0.4781506511569023,0.1635844185948372,0.5378354384592967,TP
18,Morning Star,BUY,0.36243345066905025,0.1040557511150837,-0.26735799142092276,SL
19,Bullish Engulfing,BUY,0.58,0.5,-0.30856262048978067,SL
19,Bullish Engulfing,BUY,0.6200000000000001,0.5,0.6178580329709717,TP
19,Double Bottom,BUY,0.6799999999999999,0.5,-0.3103181270302713,SL
19,Double Bottom,BUY,0.6799999999999999,0.5,-0.30854501389134725,SL
19,Bullish Engulfing,BUY,0.58,0.5,-0.30140299055109665,SL
19,Double Top,SELL,0.6799999999999999,0.5,-0.3008634368789558,SL
19,Double Bottom,BUY,0.6799999999999999,0.5,-0.3012574040996441,SL
19,Double Bottom,BUY,0.6799999999999999,0.5,0.5998449001066319,TP
19,Bearish Engulfing,SELL,0.6200000000000001,0.5,-0.30129721036085755,SL
19,Bullish Engulfing,BUY,0.58,0.5,0.05035265173478365,SL
19,3 White Soldiers,BUY,0.45872662991285323,0.1312110498547554,-0.3128902389368733,SL
19,Bearish Engulfing,SELL,0.40964913249015805,0.2160818874835968,-0.320450200900936,SL
19,Bullish Engulfing,BUY,0.42430220365524296,0.17383700609207153,0.05339625854804808,SL
19,3 White Soldiers,BUY,0.4858927603065968,0.17648793384432793,0.6529886306483519,TP
19,Double Bottom,BUY,0.4466263736784458,0.11104395613074303,0.6572596350195994,TP
19,Double Bottom,BUY,0.5393536049127579,0.2655893415212631,0.6613871910469413,TP
19,Double Bottom,BUY,0.4653499360382557,0.14224989339709282,0.6674017141748863,TP
19,Double Bottom,BUY,0.5837212044000626,0.33953534066677094,0.6729484205645662,TP
19,Double Bottom,BUY,0.48015169307589534,0.16691948845982552,0.6942901869270202,TP
19,Bullish Engulfing,BUY,0.41910191434621813,0.11850319057703018,0.058183615917528186,SL
